/out X,/out Y,/in X,/in Y
0,0.9992351687204649,0,1
1e-09,0.9992352569897939,1e-09,1
2.282917750484578e-09,0.9992352581984283,2.282917750484578e-09,1
4.006958492953848e-09,0.999235221944751,4.006958492953848e-09,1
7.455039977892388e-09,0.9992351538552965,7.455039977892388e-09,1
8.727519988946193e-09,0.9992351411519806,8.727519988946193e-09,1
1e-08,0.9992351365860435,1e-08,1
1.000195243896699e-08,0.9998051474242414,1.000195243896699e-08,1.019524389669868
1.000338299279196e-08,1.000351071693544,1.000338299279196e-08,1.033829927919595
1.000565314462071e-08,1.001494438549122,1.000565314462071e-08,1.056531446207051
1.000684172164695e-08,1.002216615675554,1.000684172164695e-08,1.068417216469449
1.000798682503829e-08,1.002981214968684,1.000798682503829e-08,1.079868250382922
1.000899341251915e-08,1.0037022390035,1.000899341251915e-08,1.089934125191451
1.001e-08,1.004463715456653,1.001e-08,1.099999999999998
1.001011863239732e-08,1.00454231959697,1.001011863239732e-08,1.1
1.001024632102178e-08,1.004628710805578,1.001024632102178e-08,1.1
1.001042819515995e-08,1.004748923104746,1.001042819515995e-08,1.1
1.001071029207931e-08,1.004927988155567,1.001071029207931e-08,1.1
1.001115869622782e-08,1.0051969799222,1.001115869622782e-08,1.1
1.001167087509714e-08,1.005484190131565,1.001167087509714e-08,1.1
1.001225008250807e-08,1.005786857921714,1.001225008250807e-08,1.1
1.00129242805809e-08,1.006113630703771,1.00129242805809e-08,1.1
1.001370530576616e-08,1.006462718392389,1.001370530576616e-08,1.1
1.001459772174321e-08,1.006828849167035,1.001459772174321e-08,1.1
1.001559514881448e-08,1.007203559609023,1.001559514881448e-08,1.1
1.001669502071582e-08,1.007581764152362,1.001669502071582e-08,1.1
1.001790751433126e-08,1.007963487173892,1.001790751433126e-08,1.1
1.001925501183415e-08,1.008351747296189,1.001925501183415e-08,1.1
1.002077130161206e-08,1.00875090778,1.002077130161206e-08,1.1
1.002250244006115e-08,1.009165812976915,1.002250244006115e-08,1.1
1.002451056526871e-08,1.009601579956412,1.002451056526871e-08,1.1
1.002688235932702e-08,1.01006386191043,1.002688235932702e-08,1.1
1.002974475240828e-08,1.010559320160792,1.002974475240828e-08,1.1
1.003302075418121e-08,1.01105720427529,1.003302075418121e-08,1.1
1.003674116679168e-08,1.011548917990509,1.003674116679168e-08,1.1
1.004100397202151e-08,1.012033009119424,1.004100397202151e-08,1.1
1.004585165410995e-08,1.012498650920737,1.004585165410995e-08,1.1
1.005130829167705e-08,1.012933543286683,1.005130829167705e-08,1.1
1.005753047189473e-08,1.013334396500586,1.005753047189473e-08,1.1
1.006470456446628e-08,1.013693635807019,1.006470456446628e-08,1.1
1.007284721683749e-08,1.013993082220345,1.007284721683749e-08,1.1
1.008192650202239e-08,1.014218566509101,1.008192650202239e-08,1.1
1.009162761071049e-08,1.014360153535205,1.009162761071049e-08,1.1
1.010173794015779e-08,1.014423242875049,1.010173794015779e-08,1.1
1.011243703296098e-08,1.014418910400493,1.011243703296098e-08,1.1
1.012392256926502e-08,1.014354123724475,1.012392256926502e-08,1.1
1.013641576063088e-08,1.014233023477416,1.013641576063088e-08,1.1
1.015016902517068e-08,1.014057880836397,1.015016902517068e-08,1.1
1.016546576738514e-08,1.013829938702077,1.016546576738514e-08,1.1
1.018265997474789e-08,1.013549495982256,1.018265997474789e-08,1.1
1.02022264979007e-08,1.013215541141706,1.02022264979007e-08,1.1
1.022483370797381e-08,1.012825114576198,1.022483370797381e-08,1.1
1.025146228703025e-08,1.012372398536369,1.025146228703025e-08,1.1
1.028361613115314e-08,1.011847436764362,1.028361613115314e-08,1.1
1.032373534516552e-08,1.011234209273524,1.032373534516552e-08,1.1
1.037609174461062e-08,1.010507747602841,1.037609174461062e-08,1.1
1.044900995854851e-08,1.009630586202725,1.044900995854851e-08,1.1
1.056163554836061e-08,1.008554453354175,1.056163554836061e-08,1.1
1.072725657863865e-08,1.00749833781018,1.072725657863865e-08,1.1
1.090358821795343e-08,1.006952036397299,1.090358821795343e-08,1.1
1.109541834046262e-08,1.006913124490901,1.109541834046262e-08,1.1
1.131145116534711e-08,1.007432606387015,1.131145116534711e-08,1.1
1.15438143275374e-08,1.00853654270525,1.15438143275374e-08,1.1
1.176638048770343e-08,1.010036539873229,1.176638048770343e-08,1.1
1.198943479407704e-08,1.011906258501946,1.198943479407704e-08,1.1
1.222032679997462e-08,1.014169980052323,1.222032679997462e-08,1.1
1.246451385761154e-08,1.016872123720169,1.246451385761154e-08,1.1
1.272845284031687e-08,1.020090053601475,1.272845284031687e-08,1.1
1.30175946112284e-08,1.02390147499251,1.30175946112284e-08,1.1
1.333704871376943e-08,1.028377326736901,1.333704871376943e-08,1.1
1.368477396173828e-08,1.033465614157373,1.368477396173828e-08,1.1
1.404887510237283e-08,1.038925620522193,1.404887510237283e-08,1.1
1.442746196223418e-08,1.044630833813883,1.442746196223418e-08,1.1
1.481891143075976e-08,1.050444095666953,1.481891143075976e-08,1.1
1.522188961701336e-08,1.056226811641867,1.522188961701336e-08,1.1
1.563667038866677e-08,1.061864933205199,1.563667038866677e-08,1.1
1.606510404221288e-08,1.067269533383038,1.606510404221288e-08,1.1
1.651127088305331e-08,1.072380692452275,1.651127088305331e-08,1.1
1.698234728518491e-08,1.077165571501007,1.698234728518491e-08,1.1
1.749052512976098e-08,1.081616414625467,1.749052512976098e-08,1.1
1.805756590246783e-08,1.085750816137904,1.805756590246783e-08,1.1
1.872993856548015e-08,1.089632580281784,1.872993856548015e-08,1.1
1.955043118737069e-08,1.093121905817496,1.955043118737069e-08,1.1
2.031626651696117e-08,1.095396650826955,2.031626651696117e-08,1.1
2.106834348387427e-08,1.096938864185908,2.106834348387427e-08,1.1
2.184517712783675e-08,1.098014835769973,2.184517712783675e-08,1.1
2.264396675035506e-08,1.098738727980188,2.264396675035506e-08,1.1
2.348052221726741e-08,1.09921556836916,2.348052221726741e-08,1.1
2.438529067871763e-08,1.099519969980568,2.438529067871763e-08,1.1
2.538492304322948e-08,1.099696739976255,2.538492304322948e-08,1.1
2.65205469028864e-08,1.099778172605699,2.65205469028864e-08,1.1
2.784754200587638e-08,1.099787172528471,2.784754200587638e-08,1.1
2.944720884187834e-08,1.099741629500115,2.944720884187834e-08,1.1
3.143237589681163e-08,1.099657688018574,3.143237589681163e-08,1.1
3.39462650594015e-08,1.099553054064651,3.39462650594015e-08,1.1
3.574153549734262e-08,1.099489203077693,3.574153549734262e-08,1.1
3.933207637322485e-08,1.099395468654719,3.933207637322485e-08,1.1
4.192881498408812e-08,1.099351199757118,4.192881498408812e-08,1.1
4.440687596896237e-08,1.099322415599918,4.440687596896237e-08,1.1
4.745791270819728e-08,1.099298939167635,4.745791270819728e-08,1.1
5.105476922324215e-08,1.099281925034908,5.105476922324215e-08,1.1
5.535895562474561e-08,1.099270365622476,5.535895562474561e-08,1.1
6.075915955239474e-08,1.099262948636621,6.075915955239474e-08,1.1
6.777075178530516e-08,1.099258706097979,6.777075178530516e-08,1.1
7.725929979231645e-08,1.099256659615109,7.725929979231645e-08,1.1
9.084269309241488e-08,1.099255902320191,9.084269309241488e-08,1.1
1.108426930924149e-07,1.099255762039246,1.108426930924149e-07,1.1
1.308426930924149e-07,1.099255835063377,1.308426930924149e-07,1.1
1.508426930924149e-07,1.099255905488804,1.508426930924149e-07,1.1
1.708426930924149e-07,1.099255945942957,1.708426930924149e-07,1.1
1.908426930924148e-07,1.099255964251043,1.908426930924148e-07,1.1
2.108426930924148e-07,1.099255970570041,2.108426930924148e-07,1.1
2.308426930924148e-07,1.099255971789282,2.308426930924148e-07,1.1
2.508426930924149e-07,1.099255971472531,2.508426930924149e-07,1.1
2.708426930924149e-07,1.099255971009509,2.708426930924149e-07,1.1
2.908426930924149e-07,1.099255970735951,2.908426930924149e-07,1.1
3.108426930924149e-07,1.099255970626573,3.108426930924149e-07,1.1
3.308426930924149e-07,1.099255970598939,3.308426930924149e-07,1.1
3.50842693092415e-07,1.099255970599086,3.50842693092415e-07,1.1
3.70842693092415e-07,1.099255970604055,3.70842693092415e-07,1.1
3.90842693092415e-07,1.099255970607479,3.90842693092415e-07,1.1
4.10842693092415e-07,1.099255970608987,4.10842693092415e-07,1.1
4.30842693092415e-07,1.09925597060944,4.30842693092415e-07,1.1
4.508426930924151e-07,1.099255970609492,4.508426930924151e-07,1.1
4.708426930924151e-07,1.099255970609451,4.708426930924151e-07,1.1
4.908426930924151e-07,1.099255970609413,4.908426930924151e-07,1.1
5.100099999999999e-07,1.099255970609395,5.100099999999999e-07,1.1
5.10012008193196e-07,1.098661459468147,5.10012008193196e-07,1.079918068039825
5.100134999754897e-07,1.098082368893086,5.100134999754897e-07,1.06500024510284
5.100158785409403e-07,1.096858934768865,5.100158785409403e-07,1.041214590596258
5.100170913543779e-07,1.09610522833062,5.100170913543779e-07,1.029086456220674
5.100182577674107e-07,1.095308876255691,5.100182577674107e-07,1.017422325892201
5.100191288837054e-07,1.09467317702297,5.100191288837054e-07,1.008711162945779
5.100199999999999e-07,1.094005929121308,5.100199999999999e-07,1
5.100201115433251e-07,1.093931262630925,5.100201115433251e-07,1
5.100202309427024e-07,1.093849406821484,5.100202309427024e-07,1
5.100203973620102e-07,1.093737603712592,5.100203973620102e-07,1
5.100206663960522e-07,1.093563460822696,5.100206663960522e-07,1
5.1002110429201e-07,1.093294697435096,5.1002110429201e-07,1
5.100216054155507e-07,1.093006167684311,5.100216054155507e-07,1
5.100221722980562e-07,1.092700934278732,5.100221722980562e-07,1
5.100228344553632e-07,1.092369174101469,5.100228344553632e-07,1
5.100236079817665e-07,1.092010940372288,5.100236079817665e-07,1
5.100245023722341e-07,1.091630405160512,5.100245023722341e-07,1
5.100255127556434e-07,1.091237101463739,5.100255127556434e-07,1
5.100266348093284e-07,1.090838260339801,5.100266348093284e-07,1
5.100278764589937e-07,1.090435566612324,5.100278764589937e-07,1
5.100292578734753e-07,1.090027207319215,5.100292578734753e-07,1
5.100308097533342e-07,1.089609906525578,5.100308097533342e-07,1
5.100325730499019e-07,1.089180024497626,5.100325730499019e-07,1
5.100346013364658e-07,1.0887338591467,5.100346013364658e-07,1
5.100369671359533e-07,1.0882673894153,5.100369671359533e-07,1
5.100397737039967e-07,1.087775799546954,5.100397737039967e-07,1
5.10043095100099e-07,1.087264690233618,5.10043095100099e-07,1
5.10046876790711e-07,1.086758752863697,5.10046876790711e-07,1
5.100512046130033e-07,1.086260602103982,5.100512046130033e-07,1
5.100561746013989e-07,1.085775336106179,5.100561746013989e-07,1
5.100617558572963e-07,1.085320933493778,5.100617558572963e-07,1
5.100680928838347e-07,1.084900004614996,5.100680928838347e-07,1
5.100753625162665e-07,1.084518498583372,5.100753625162665e-07,1
5.100836317130404e-07,1.084190921767041,5.100836317130404e-07,1
5.1009283874842e-07,1.083932472039165,5.1009283874842e-07,1
5.101027142696346e-07,1.083753200940062,5.101027142696346e-07,1
5.101130451833979e-07,1.083649762378156,5.101130451833979e-07,1
5.101240043369222e-07,1.083611487169852,5.101240043369222e-07,1
5.101357917198014e-07,1.083631348563168,5.101357917198014e-07,1
5.101486262181687e-07,1.083704893900015,5.101486262181687e-07,1
5.101627584971901e-07,1.083829296362118,5.101627584971901e-07,1
5.101784712242892e-07,1.084002596986919,5.101784712242892e-07,1
5.101961164270579e-07,1.084223494289933,5.101961164270579e-07,1
5.102161640538921e-07,1.084491533775946,5.102161640538921e-07,1
5.102392712928217e-07,1.08480748062811,5.102392712928217e-07,1
5.102663951347016e-07,1.085173793590095,5.102663951347016e-07,1
5.102989898280599e-07,1.085595110975455,5.102989898280599e-07,1
5.103393872028055e-07,1.086078560817785,5.103393872028055e-07,1
5.103916040903884e-07,1.086633021814722,5.103916040903884e-07,1
5.104632866939509e-07,1.087263442231052,5.104632866939509e-07,1
5.105713634927647e-07,1.087940896078875,5.105713634927647e-07,1
5.107549426950695e-07,1.088413726198555,5.107549426950695e-07,1
5.109547751371721e-07,1.08808727375787,5.109547751371721e-07,1
5.111733537348534e-07,1.08690789327173,5.111733537348534e-07,1
5.113965011525946e-07,1.085011398135849,5.113965011525946e-07,1
5.116252310365316e-07,1.082530211232833,5.116252310365316e-07,1
5.118580449882962e-07,1.079614408472073,5.118580449882962e-07,1
5.120941187121871e-07,1.076396284240558,5.120941187121871e-07,1
5.123377634672524e-07,1.072915024604814,5.123377634672524e-07,1
5.1259372348274e-07,1.06917891986236,5.1259372348274e-07,1
5.12867219862368e-07,1.065177779052065,5.12867219862368e-07,1
5.13146756456342e-07,1.061138816302642,5.13146756456342e-07,1
5.134296164657321e-07,1.057147220913839,5.134296164657321e-07,1
5.137195510172393e-07,1.053186691894294,5.137195510172393e-07,1
5.140201452767502e-07,1.049243274507558,5.140201452767502e-07,1
5.143359220261449e-07,1.045295833637527,5.143359220261449e-07,1
5.14672232375789e-07,1.04132344193374,5.14672232375789e-07,1
5.150356327829277e-07,1.037306812885633,5.150356327829277e-07,1
5.154352495333062e-07,1.033221702094832,5.154352495333062e-07,1
5.158852779152557e-07,1.029029746776316,5.158852779152557e-07,1
5.164112030592636e-07,1.02465608807296,5.164112030592636e-07,1
5.17071469524928e-07,1.019908395172325,5.17071469524928e-07,1
5.179123193638488e-07,1.014926466053561,5.179123193638488e-07,1
5.18871840338606e-07,1.01048238597069,5.18871840338606e-07,1
5.197058779720568e-07,1.007522527977141,5.197058779720568e-07,1
5.204978410642339e-07,1.005347431242018,5.204978410642339e-07,1
5.212999067885352e-07,1.003651233258789,5.212999067885352e-07,1
5.221337001982669e-07,1.002315360676953,5.221337001982669e-07,1
5.230274904766493e-07,1.001257999475379,5.230274904766493e-07,1
5.239999227076101e-07,1.00043971900412,5.239999227076101e-07,1
5.250667589290656e-07,0.9998324238438413,5.250667589290656e-07,1
5.262467770203694e-07,0.9994080658871285,5.262467770203694e-07,1
5.27564738441805e-07,0.9991373092276018,5.27564738441805e-07,1
5.290564257856574e-07,0.9989899980953076,5.290564257856574e-07,1
5.307759836140929e-07,0.998936609854573,5.307759836140929e-07,1
5.328098121450488e-07,0.9989495321496489,5.328098121450488e-07,1
5.352042819121166e-07,0.9990018823627972,5.352042819121166e-07,1
5.379570768736693e-07,0.9990669644602508,5.379570768736693e-07,1
5.411645509231826e-07,0.9991273706955972,5.411645509231826e-07,1
5.449959542656292e-07,0.9991746933950548,5.449959542656292e-07,1
5.497019763096162e-07,0.9992066768455329,5.497019763096162e-07,1
5.556996600834512e-07,0.9992250766238552,5.556996600834512e-07,1
5.637266123939122e-07,0.9992335434455576,5.637266123939122e-07,1
5.748429696651758e-07,0.9992360127457345,5.748429696651758e-07,1
5.903469857263959e-07,0.9992359646158623,5.903469857263959e-07,1
6.10346985726396e-07,0.9992355174604193,6.10346985726396e-07,1
6.30346985726396e-07,0.9992353024875481,6.30346985726396e-07,1
6.50346985726396e-07,0.9992352213493152,6.50346985726396e-07,1
6.70346985726396e-07,0.9992351879589225,6.70346985726396e-07,1
6.90346985726396e-07,0.9992351733518984,6.90346985726396e-07,1
7.103469857263961e-07,0.9992351681003961,7.103469857263961e-07,1
7.303469857263961e-07,0.9992351671962533,7.303469857263961e-07,1
7.503469857263961e-07,0.9992351676756532,7.503469857263961e-07,1
7.703469857263961e-07,0.9992351682310239,7.703469857263961e-07,1
7.903469857263961e-07,0.9992351685413561,7.903469857263961e-07,1
8.103469857263962e-07,0.9992351686568175,8.103469857263962e-07,1
8.303469857263962e-07,0.9992351686806578,8.303469857263962e-07,1
8.503469857263962e-07,0.9992351686764669,8.503469857263962e-07,1
8.703469857263962e-07,0.9992351686693702,8.703469857263962e-07,1
8.903469857263962e-07,0.9992351686652199,8.903469857263962e-07,1
9.103469857263963e-07,0.9992351686635952,9.103469857263963e-07,1
9.303469857263963e-07,0.9992351686631917,9.303469857263963e-07,1
9.503469857263963e-07,0.9992351686631935,9.503469857263963e-07,1
9.703469857263963e-07,0.9992351686632646,9.703469857263963e-07,1
9.903469857263963e-07,0.9992351686633131,9.903469857263963e-07,1
1.01e-06,0.9992351686633341,1.01e-06,1
1.010002008193196e-06,0.9998302973155989,1.010002008193196e-06,1.020081931960175
1.01000349997549e-06,1.00040989596184,1.01000349997549e-06,1.034999754898219
1.010005871660273e-06,1.001628282653771,1.010005871660273e-06,1.058716602734209
1.010007610540433e-06,1.00272573711122,1.010007610540433e-06,1.076105404331433
1.010008836056965e-06,1.003587981259465,1.010008836056965e-06,1.088360569649486
1.01001e-06,1.004464598271218,1.01001e-06,1.1
1.010010176241699e-06,1.004581704498476,1.010010176241699e-06,1.1
1.010010331220885e-06,1.004685293081006,1.010010331220885e-06,1.1
1.010010528844193e-06,1.00481386454574,1.010010528844193e-06,1.1
1.010010908132353e-06,1.005049273997309,1.010010908132353e-06,1.1
1.010011421787267e-06,1.005347806901329,1.010011421787267e-06,1.1
1.010011975333428e-06,1.005647173781554,1.010011975333428e-06,1.1
1.010012604111839e-06,1.005963068312221,1.010012604111839e-06,1.1
1.010013331584971e-06,1.00630097866649,1.010013331584971e-06,1.1
1.010014168869569e-06,1.006658729961482,1.010014168869569e-06,1.1
1.010015116659377e-06,1.007029910489825,1.010015116659377e-06,1.1
1.010016168261292e-06,1.007406857577232,1.010016168261292e-06,1.1
1.010017326422574e-06,1.007786855358007,1.010017326422574e-06,1.1
1.010018607334237e-06,1.008171574376077,1.010018607334237e-06,1.1
1.010020039142522e-06,1.008564846994487,1.010020039142522e-06,1.1
1.010021661845514e-06,1.008971391118751,1.010021661845514e-06,1.1
1.010023529351967e-06,1.009396240186315,1.010023529351967e-06,1.1
1.010025715393069e-06,1.009844782052665,1.010025715393069e-06,1.1
1.010028325280865e-06,1.010323155571726,1.010028325280865e-06,1.1
1.010031425447257e-06,1.010824740800991,1.010031425447257e-06,1.1
1.010034940413311e-06,1.011321281327641,1.010034940413311e-06,1.1
1.010038947925345e-06,1.011810448842303,1.010038947925345e-06,1.1
1.010043565920882e-06,1.012290501982664,1.010043565920882e-06,1.1
1.010048750640952e-06,1.012741413050555,1.010048750640952e-06,1.1
1.010054624918718e-06,1.013159495354042,1.010054624918718e-06,1.1
1.010061365037551e-06,1.013539466244079,1.010061365037551e-06,1.1
1.010069144758152e-06,1.013870240405111,1.010069144758152e-06,1.1
1.010077835020381e-06,1.014129896095857,1.010077835020381e-06,1.1
1.010087312718796e-06,1.014308548958604,1.010087312718796e-06,1.1
1.010097260566715e-06,1.014404670810446,1.010097260566715e-06,1.1
1.010107706175266e-06,1.014428615860831,1.010107706175266e-06,1.1
1.010118848510486e-06,1.014389221882071,1.010118848510486e-06,1.1
1.010130895807352e-06,1.014291845328664,1.010130895807352e-06,1.1
1.010144088307557e-06,1.014139539845182,1.010144088307557e-06,1.1
1.010158694457007e-06,1.013933979943578,1.010158694457007e-06,1.1
1.010175034011395e-06,1.013675910542693,1.010175034011395e-06,1.1
1.010193524010558e-06,1.013364946938899,1.010193524010558e-06,1.1
1.010214739822345e-06,1.012999053911775,1.010214739822345e-06,1.1
1.010239510686421e-06,1.012573759472408,1.010239510686421e-06,1.1
1.01026908307105e-06,1.012081056734667,1.01026908307105e-06,1.1
1.010305427494359e-06,1.011507792919023,1.010305427494359e-06,1.1
1.01035187396481e-06,1.010833222581818,1.01035187396481e-06,1.1
1.010414591729109e-06,1.010025580878638,1.010414591729109e-06,1.1
1.010506667643173e-06,1.009039792231678,1.010506667643173e-06,1.1
1.010663099095234e-06,1.007838143381331,1.010663099095234e-06,1.1
1.010835541365365e-06,1.007097699150461,1.010835541365365e-06,1.1
1.011019927882059e-06,1.006865194357371,1.011019927882059e-06,1.1
1.011225714447285e-06,1.007161385691938,1.011225714447285e-06,1.1
1.011460855571894e-06,1.008082243948444,1.011460855571894e-06,1.1
1.011685973653141e-06,1.00944752488503,1.011685973653141e-06,1.1
1.011907697438032e-06,1.011180541681896,1.011907697438032e-06,1.1
1.012135171302331e-06,1.013298006937604,1.012135171302331e-06,1.1
1.012373557911922e-06,1.015830595925044,1.012373557911922e-06,1.1
1.012629550392109e-06,1.018850629628197,1.012629550392109e-06,1.1
1.012908875359322e-06,1.022436713458275,1.012908875359322e-06,1.1
1.013216678973929e-06,1.026662904961416,1.013216678973929e-06,1.1
1.013557986899474e-06,1.031589891373017,1.013557986899474e-06,1.1
1.013920243747939e-06,1.036987179615208,1.013920243747939e-06,1.1
1.014297931809018e-06,1.042681364888078,1.014297931809018e-06,1.1
1.014689364159857e-06,1.048535113305288,1.014689364159857e-06,1.1
1.015092811458301e-06,1.054401309718285,1.015092811458301e-06,1.1
1.015507986519539e-06,1.060153419469484,1.015507986519539e-06,1.1
1.015936236905997e-06,1.065691348962142,1.015936236905997e-06,1.1
1.016380950213053e-06,1.070943990412936,1.016380950213053e-06,1.1
1.01684839262642e-06,1.075869455416431,1.01684839262642e-06,1.1
1.017349280601407e-06,1.080452625137983,1.017349280601407e-06,1.1
1.017902303268444e-06,1.084703244822227,1.017902303268444e-06,1.1
1.018544974358056e-06,1.088668160054368,1.018544974358056e-06,1.1
1.019384629836856e-06,1.092520332137633,1.019384629836856e-06,1.1
1.020162482607891e-06,1.095011981995163,1.020162482607891e-06,1.1
1.020913664182137e-06,1.096675251633415,1.020913664182137e-06,1.1
1.021684055848949e-06,1.097833037179569,1.021684055848949e-06,1.1
1.022487765216849e-06,1.098627118908832,1.022487765216849e-06,1.1
1.023322587422835e-06,1.099147775212983,1.023322587422835e-06,1.1
1.02421287592504e-06,1.099478941906248,1.02421287592504e-06,1.1
1.02519105273041e-06,1.099675077620222,1.02519105273041e-06,1.1
1.026296079946047e-06,1.099771105490468,1.026296079946047e-06,1.1
1.027580814383194e-06,1.099791338503115,1.027580814383194e-06,1.1
1.029121090415301e-06,1.099754219866042,1.029121090415301e-06,1.1
1.031038779825656e-06,1.099675249366781,1.031038779825656e-06,1.1
1.033467980237142e-06,1.09957186345815,1.033467980237142e-06,1.1
1.035970011113297e-06,1.099482276693849,1.035970011113297e-06,1.1
1.03878106109459e-06,1.09940748748662,1.03878106109459e-06,1.1
1.042120942757055e-06,1.099348267107927,1.042120942757055e-06,1.1
1.046126374370423e-06,1.099306044202046,1.046126374370423e-06,1.1
1.051075627219057e-06,1.099278874963184,1.051075627219057e-06,1.1
1.057455440797968e-06,1.099263632079351,1.057455440797968e-06,1.1
1.066105843052914e-06,1.099256836292341,1.066105843052914e-06,1.1
1.078147104833402e-06,1.099255068865604,1.078147104833402e-06,1.1
1.095294410793946e-06,1.099255264702028,1.095294410793946e-06,1.1
1.115294410793946e-06,1.099255671577179,1.115294410793946e-06,1.1
1.135294410793946e-06,1.099255856723661,1.135294410793946e-06,1.1
1.155294410793946e-06,1.099255926992113,1.155294410793946e-06,1.1
1.175294410793946e-06,1.099255955893053,1.175294410793946e-06,1.1
1.195294410793946e-06,1.09925596790095,1.195294410793946e-06,1.1
1.215294410793947e-06,1.099255971717483,1.215294410793947e-06,1.1
1.235294410793947e-06,1.099255972043714,1.235294410793947e-06,1.1
1.255294410793947e-06,1.099255971444323,1.255294410793947e-06,1.1
1.275294410793947e-06,1.099255970924383,1.275294410793947e-06,1.1
1.295294410793947e-06,1.099255970664202,1.295294410793947e-06,1.1
1.315294410793947e-06,1.099255970577492,1.315294410793947e-06,1.1
1.335294410793947e-06,1.099255970564431,1.335294410793947e-06,1.1
1.355294410793947e-06,1.099255970570897,1.355294410793947e-06,1.1
1.375294410793947e-06,1.099255970577658,1.375294410793947e-06,1.1
1.395294410793947e-06,1.099255970581185,1.395294410793947e-06,1.1
1.415294410793947e-06,1.099255970582443,1.415294410793947e-06,1.1
1.435294410793947e-06,1.099255970582701,1.435294410793947e-06,1.1
1.455294410793947e-06,1.099255970582663,1.455294410793947e-06,1.1
1.475294410793947e-06,1.099255970582592,1.475294410793947e-06,1.1
1.495294410793947e-06,1.099255970582551,1.495294410793947e-06,1.1
1.51001e-06,1.099255970582538,1.51001e-06,1.1
1.510012008193196e-06,1.098661459446277,1.510012008193196e-06,1.079918068039825
1.51001349997549e-06,1.098082368872438,1.51001349997549e-06,1.065000245101781
1.510015878694894e-06,1.096858844787521,1.510015878694894e-06,1.041213051060937
1.51001709150122e-06,1.096105132897712,1.51001709150122e-06,1.029084987796945
1.510018257909816e-06,1.095308775623488,1.510018257909816e-06,1.017420901837117
1.510019128954908e-06,1.094673124084444,1.510019128954908e-06,1.008710450918237
1.51002e-06,1.09400592923344,1.51002e-06,1
1.510020111539504e-06,1.093931265336672,1.510020111539504e-06,1
1.510020230934379e-06,1.093849412517954,1.510020230934379e-06,1
1.510020397345356e-06,1.093737614732844,1.510020397345356e-06,1
1.510020666370884e-06,1.093563476741832,1.510020666370884e-06,1
1.510021104250702e-06,1.093294721962463,1.510021104250702e-06,1
1.51002160536797e-06,1.093006194124718,1.51002160536797e-06,1
1.510022172243435e-06,1.09270096258545,1.510022172243435e-06,1
1.510022834391962e-06,1.09236920454929,1.510022834391962e-06,1
1.510023607908681e-06,1.092010972683556,1.510023607908681e-06,1
1.510024502288941e-06,1.09163043887877,1.510024502288941e-06,1
1.510025512662395e-06,1.091237135931281,1.510025512662395e-06,1
1.510026634705882e-06,1.090838295221579,1.510026634705882e-06,1
1.510027876344069e-06,1.090435601944088,1.510027876344069e-06,1
1.510029257744857e-06,1.090027243325966,1.510029257744857e-06,1
1.51003080960791e-06,1.089609943506293,1.51003080960791e-06,1
1.510032572883565e-06,1.089180062771424,1.510032572883565e-06,1
1.510034601143747e-06,1.08873389905219,1.510034601143747e-06,1
1.510036966909257e-06,1.088267431343113,1.510036966909257e-06,1
1.510039773432238e-06,1.087775843981387,1.510039773432238e-06,1
1.510043094791005e-06,1.087264734355316,1.510043094791005e-06,1
1.510046876438075e-06,1.086758796421323,1.510046876438075e-06,1
1.510051204207302e-06,1.08626064494761,1.510051204207302e-06,1
1.51005617414811e-06,1.085775376339053,1.51005617414811e-06,1
1.510061755345261e-06,1.085320971017944,1.510061755345261e-06,1
1.510068092298783e-06,1.084900039090394,1.510068092298783e-06,1
1.510075361842113e-06,1.0845185292936,1.510075361842113e-06,1
1.510083630961797e-06,1.084190946791317,1.510083630961797e-06,1
1.510092837913615e-06,1.083932490849888,1.510092837913615e-06,1
1.510102713393921e-06,1.083753212756994,1.510102713393921e-06,1
1.510113044262784e-06,1.083649768117396,1.510113044262784e-06,1
1.510124003353813e-06,1.083611487605417,1.510124003353813e-06,1
1.510135790657237e-06,1.083631344183266,1.510135790657237e-06,1
1.510148625055493e-06,1.083704885016385,1.510148625055493e-06,1
1.510162757211711e-06,1.083829283180509,1.510162757211711e-06,1
1.510178469789275e-06,1.084002579654439,1.510178469789275e-06,1
1.510196114807918e-06,1.084223472891354,1.510196114807918e-06,1
1.510216162203414e-06,1.08449150830897,1.510216162203414e-06,1
1.510239269143694e-06,1.084807450965482,1.510239269143694e-06,1
1.510266392587046e-06,1.085173759437042,1.510266392587046e-06,1
1.510298986726624e-06,1.085595071830551,1.510298986726624e-06,1
1.510339383291217e-06,1.08607851596905,1.510339383291217e-06,1
1.510391598909256e-06,1.086632970515427,1.510391598909256e-06,1
1.510463279318722e-06,1.087263384709097,1.510463279318722e-06,1
1.510571351689067e-06,1.087940838875188,1.510571351689067e-06,1
1.510754930551955e-06,1.088413721103718,1.510754930551955e-06,1
1.510954761657365e-06,1.088087322313444,1.510954761657365e-06,1
1.511173339985332e-06,1.086907991032036,1.511173339985332e-06,1
1.511396487169478e-06,1.085011535497153,1.511396487169478e-06,1
1.511625216376065e-06,1.082530384427804,1.511625216376065e-06,1
1.511858369822273e-06,1.079610193797745,1.511858369822273e-06,1
1.512094654904949e-06,1.076388877073216,1.512094654904949e-06,1
1.512338401815278e-06,1.07290589601416,1.512338401815278e-06,1
1.51259441189988e-06,1.06916893690362,1.51259441189988e-06,1
1.512867934485334e-06,1.065167445303044,1.512867934485334e-06,1
1.513147467880684e-06,1.061128696450434,1.513147467880684e-06,1
1.513430333414185e-06,1.057137290660559,1.513430333414185e-06,1
1.513720285066743e-06,1.053176877576012,1.513720285066743e-06,1
1.514020907891639e-06,1.04923351090688,1.514020907891639e-06,1
1.514336726843979e-06,1.045286047856323,1.514336726843979e-06,1
1.514673094570265e-06,1.041313575960449,1.514673094570265e-06,1
1.515036571688701e-06,1.037296808848856,1.515036571688701e-06,1
1.515436293150065e-06,1.033211482370276,1.515436293150065e-06,1
1.515886472101147e-06,1.029019180663816,1.515886472101147e-06,1
1.516412637140423e-06,1.024644898142693,1.516412637140423e-06,1
1.517073383909784e-06,1.019895745668368,1.517073383909784e-06,1
1.517914641211478e-06,1.01491419679199,1.517914641211478e-06,1
1.518874103942664e-06,1.01047328828455,1.518874103942664e-06,1
1.519707942522197e-06,1.007516100421029,1.519707942522197e-06,1
1.520499883794384e-06,1.005342500850876,1.520499883794384e-06,1
1.521302001410705e-06,1.003647364808333,1.521302001410705e-06,1
1.522135912109277e-06,1.002312298317337,1.522135912109277e-06,1
1.523029879872858e-06,1.001255598636699,1.523029879872858e-06,1
1.524002532515369e-06,1.000437897654374,1.524002532515369e-06,1
1.52506963305043e-06,0.9998311099364546,1.52506963305043e-06,1
1.526249970174702e-06,0.9994071853138777,1.526249970174702e-06,1
1.527568326308841e-06,0.9991367847874817,1.527568326308841e-06,1
1.529060520069175e-06,0.9989897524292396,1.529060520069175e-06,1
1.530780756861725e-06,0.9989365690620186,1.530780756861725e-06,1
1.532815548699485e-06,0.9989496285817033,1.532815548699485e-06,1
1.535210861593193e-06,0.9990020426525535,1.535210861593193e-06,1
1.537964651392778e-06,0.9990671303949065,1.537964651392778e-06,1
1.541173491415082e-06,0.9991275108985788,1.541173491415082e-06,1
1.545006765298981e-06,0.9991747948954907,1.545006765298981e-06,1
1.549715468083906e-06,0.9992067400208876,1.549715468083906e-06,1
1.555717226071483e-06,0.9992251092466968,1.555717226071483e-06,1
1.563750781403619e-06,0.9992335558589501,1.563750781403619e-06,1
1.574875354841749e-06,0.9992360143155474,1.574875354841749e-06,1
1.590394125510895e-06,0.9992359633671534,1.590394125510895e-06,1
1.610394125510895e-06,0.9992355165879269,1.610394125510895e-06,1
1.630394125510895e-06,0.9992353021155784,1.630394125510895e-06,1
1.650394125510895e-06,0.9992352211861191,1.650394125510895e-06,1
1.670394125510895e-06,0.9992351878733237,1.670394125510895e-06,1
1.690394125510895e-06,0.9992351733010467,1.690394125510895e-06,1
1.710394125510895e-06,0.9992351680658806,1.710394125510895e-06,1
1.730394125510895e-06,0.9992351671677183,1.730394125510895e-06,1
1.750394125510895e-06,0.9992351676480982,1.750394125510895e-06,1
1.770394125510895e-06,0.9992351682028836,1.770394125510895e-06,1
1.790394125510895e-06,0.9992351685125737,1.790394125510895e-06,1
1.810394125510895e-06,0.9992351686276862,1.810394125510895e-06,1
1.830394125510895e-06,0.9992351686514012,1.830394125510895e-06,1
1.850394125510895e-06,0.9992351686471872,1.850394125510895e-06,1
1.870394125510895e-06,0.9992351686400962,1.870394125510895e-06,1
1.890394125510895e-06,0.9992351686359541,1.890394125510895e-06,1
1.910394125510895e-06,0.999235168634334,1.910394125510895e-06,1
1.930394125510895e-06,0.999235168633933,1.930394125510895e-06,1
1.950394125510895e-06,0.9992351686339346,1.950394125510895e-06,1
1.970394125510895e-06,0.9992351686340052,1.970394125510895e-06,1
1.985197062755447e-06,0.9992351686340459,1.985197062755447e-06,1
2e-06,0.9992351686340676,2e-06,1
